Line,File,Message
118,C:/ProgramData/Jenkins/.jenkins/workspace/PipelineC/grpc/BUILDING.md,unable to resolve reference to 'C:/ProgramData/Jenkins/.jenkins/workspace/PipelineC/grpc/tools/remote_build/README.md' for \ref command
118,C:/ProgramData/Jenkins/.jenkins/workspace/PipelineC/grpc/BUILDING.md,unable to resolve reference to 'C:/ProgramData/Jenkins/.jenkins/workspace/PipelineC/grpc/tools/remote_build/README.md' for \ref command
52,C:/ProgramData/Jenkins/.jenkins/workspace/PipelineC/grpc/CONCEPTS.md,unable to resolve reference to 'C:/ProgramData/Jenkins/.jenkins/workspace/PipelineC/grpc/doc/PROTOCOL-HTTP2.md' for \ref command
61,C:/ProgramData/Jenkins/.jenkins/workspace/PipelineC/grpc/CONCEPTS.md,unable to resolve reference to 'C:/ProgramData/Jenkins/.jenkins/workspace/PipelineC/grpc/doc/PROTOCOL-HTTP2.md' for \ref command
52,C:/ProgramData/Jenkins/.jenkins/workspace/PipelineC/grpc/CONCEPTS.md,unable to resolve reference to 'C:/ProgramData/Jenkins/.jenkins/workspace/PipelineC/grpc/doc/PROTOCOL-HTTP2.md' for \ref command
61,C:/ProgramData/Jenkins/.jenkins/workspace/PipelineC/grpc/CONCEPTS.md,unable to resolve reference to 'C:/ProgramData/Jenkins/.jenkins/workspace/PipelineC/grpc/doc/PROTOCOL-HTTP2.md' for \ref command
29,C:/ProgramData/Jenkins/.jenkins/workspace/PipelineC/grpc/TROUBLESHOOTING.md,unable to resolve reference to 'C:/ProgramData/Jenkins/.jenkins/workspace/PipelineC/grpc/doc/environment_variables.md' for \ref command
34,C:/ProgramData/Jenkins/.jenkins/workspace/PipelineC/grpc/TROUBLESHOOTING.md,unable to resolve reference to 'C:/ProgramData/Jenkins/.jenkins/workspace/PipelineC/grpc/doc/trace_flags.md' for \ref command
29,C:/ProgramData/Jenkins/.jenkins/workspace/PipelineC/grpc/TROUBLESHOOTING.md,unable to resolve reference to 'C:/ProgramData/Jenkins/.jenkins/workspace/PipelineC/grpc/doc/environment_variables.md' for \ref command
34,C:/ProgramData/Jenkins/.jenkins/workspace/PipelineC/grpc/TROUBLESHOOTING.md,unable to resolve reference to 'C:/ProgramData/Jenkins/.jenkins/workspace/PipelineC/grpc/doc/trace_flags.md' for \ref command
393,C:/ProgramData/Jenkins/.jenkins/workspace/PipelineC/grpc/setup.py,Member _quote_build_define(argument) (function) of namespace setup is not documented.
481,C:/ProgramData/Jenkins/.jenkins/workspace/PipelineC/grpc/setup.py,Member cython_extensions_and_necessity() (function) of namespace setup is not documented.
44,C:/ProgramData/Jenkins/.jenkins/workspace/PipelineC/grpc/setup.py,Member template (variable) of namespace setup is not documented.
46,C:/ProgramData/Jenkins/.jenkins/workspace/PipelineC/grpc/setup.py,Member PY3 (variable) of namespace setup is not documented.
47,C:/ProgramData/Jenkins/.jenkins/workspace/PipelineC/grpc/setup.py,Member PYTHON_STEM (variable) of namespace setup is not documented.
48,C:/ProgramData/Jenkins/.jenkins/workspace/PipelineC/grpc/setup.py,Member CORE_INCLUDE (variable) of namespace setup is not documented.
52,C:/ProgramData/Jenkins/.jenkins/workspace/PipelineC/grpc/setup.py,Member ABSL_INCLUDE (variable) of namespace setup is not documented.
53,C:/ProgramData/Jenkins/.jenkins/workspace/PipelineC/grpc/setup.py,Member ADDRESS_SORTING_INCLUDE (variable) of namespace setup is not documented.
56,C:/ProgramData/Jenkins/.jenkins/workspace/PipelineC/grpc/setup.py,Member CARES_INCLUDE (variable) of namespace setup is not documented.
69,C:/ProgramData/Jenkins/.jenkins/workspace/PipelineC/grpc/setup.py,Member RE2_INCLUDE (variable) of namespace setup is not documented.
70,C:/ProgramData/Jenkins/.jenkins/workspace/PipelineC/grpc/setup.py,Member SSL_INCLUDE (variable) of namespace setup is not documented.
73,C:/ProgramData/Jenkins/.jenkins/workspace/PipelineC/grpc/setup.py,Member UPB_INCLUDE (variable) of namespace setup is not documented.
74,C:/ProgramData/Jenkins/.jenkins/workspace/PipelineC/grpc/setup.py,Member UPB_GRPC_GENERATED_INCLUDE (variable) of namespace setup is not documented.
75,C:/ProgramData/Jenkins/.jenkins/workspace/PipelineC/grpc/setup.py,Member UPBDEFS_GRPC_GENERATED_INCLUDE (variable) of namespace setup is not documented.
78,C:/ProgramData/Jenkins/.jenkins/workspace/PipelineC/grpc/setup.py,Member UTF8_RANGE_INCLUDE (variable) of namespace setup is not documented.
79,C:/ProgramData/Jenkins/.jenkins/workspace/PipelineC/grpc/setup.py,Member XXHASH_INCLUDE (variable) of namespace setup is not documented.
80,C:/ProgramData/Jenkins/.jenkins/workspace/PipelineC/grpc/setup.py,Member ZLIB_INCLUDE (variable) of namespace setup is not documented.
81,C:/ProgramData/Jenkins/.jenkins/workspace/PipelineC/grpc/setup.py,Member README (variable) of namespace setup is not documented.
100,C:/ProgramData/Jenkins/.jenkins/workspace/PipelineC/grpc/setup.py,Member LICENSE (variable) of namespace setup is not documented.
102,C:/ProgramData/Jenkins/.jenkins/workspace/PipelineC/grpc/setup.py,Member CLASSIFIERS (variable) of namespace setup is not documented.
121,C:/ProgramData/Jenkins/.jenkins/workspace/PipelineC/grpc/setup.py,Member BUILD_WITH_BORING_SSL_ASM (variable) of namespace setup is not documented.
130,C:/ProgramData/Jenkins/.jenkins/workspace/PipelineC/grpc/setup.py,Member BUILD_OVERRIDE_BORING_SSL_ASM_PLATFORM (variable) of namespace setup is not documented.
139,C:/ProgramData/Jenkins/.jenkins/workspace/PipelineC/grpc/setup.py,Member BUILD_WITH_CYTHON (variable) of namespace setup is not documented.
144,C:/ProgramData/Jenkins/.jenkins/workspace/PipelineC/grpc/setup.py,Member BUILD_WITH_SYSTEM_OPENSSL (variable) of namespace setup is not documented.
151,C:/ProgramData/Jenkins/.jenkins/workspace/PipelineC/grpc/setup.py,Member BUILD_WITH_SYSTEM_ZLIB (variable) of namespace setup is not documented.
158,C:/ProgramData/Jenkins/.jenkins/workspace/PipelineC/grpc/setup.py,Member BUILD_WITH_SYSTEM_CARES (variable) of namespace setup is not documented.
165,C:/ProgramData/Jenkins/.jenkins/workspace/PipelineC/grpc/setup.py,Member BUILD_WITH_SYSTEM_RE2 (variable) of namespace setup is not documented.
170,C:/ProgramData/Jenkins/.jenkins/workspace/PipelineC/grpc/setup.py,Member BUILD_WITH_SYSTEM_ABSL (variable) of namespace setup is not documented.
179,C:/ProgramData/Jenkins/.jenkins/workspace/PipelineC/grpc/setup.py,Member BUILD_WITH_STATIC_LIBSTDCXX (variable) of namespace setup is not documented.
194,C:/ProgramData/Jenkins/.jenkins/workspace/PipelineC/grpc/setup.py,Member USE_PREBUILT_GRPC_CORE (variable) of namespace setup is not documented.
200,C:/ProgramData/Jenkins/.jenkins/workspace/PipelineC/grpc/setup.py,Member ENABLE_CYTHON_TRACING (variable) of namespace setup is not documented.
206,C:/ProgramData/Jenkins/.jenkins/workspace/PipelineC/grpc/setup.py,Member ENABLE_DOCUMENTATION_BUILD (variable) of namespace setup is not documented.
247,C:/ProgramData/Jenkins/.jenkins/workspace/PipelineC/grpc/setup.py,Member target_ver (variable) of namespace setup is not documented.
261,C:/ProgramData/Jenkins/.jenkins/workspace/PipelineC/grpc/setup.py,Member EXTRA_ENV_COMPILE_ARGS (variable) of namespace setup is not documented.
262,C:/ProgramData/Jenkins/.jenkins/workspace/PipelineC/grpc/setup.py,Member EXTRA_ENV_LINK_ARGS (variable) of namespace setup is not documented.
300,C:/ProgramData/Jenkins/.jenkins/workspace/PipelineC/grpc/setup.py,Member EXTRA_COMPILE_ARGS (variable) of namespace setup is not documented.
301,C:/ProgramData/Jenkins/.jenkins/workspace/PipelineC/grpc/setup.py,Member EXTRA_LINK_ARGS (variable) of namespace setup is not documented.
306,C:/ProgramData/Jenkins/.jenkins/workspace/PipelineC/grpc/setup.py,Member CYTHON_EXTENSION_PACKAGE_NAMES (variable) of namespace setup is not documented.
308,C:/ProgramData/Jenkins/.jenkins/workspace/PipelineC/grpc/setup.py,Member CYTHON_EXTENSION_MODULE_NAMES (variable) of namespace setup is not documented.
310,C:/ProgramData/Jenkins/.jenkins/workspace/PipelineC/grpc/setup.py,Member CYTHON_HELPER_C_FILES (variable) of namespace setup is not documented.
312,C:/ProgramData/Jenkins/.jenkins/workspace/PipelineC/grpc/setup.py,Member CORE_C_FILES (variable) of namespace setup is not documented.
341,C:/ProgramData/Jenkins/.jenkins/workspace/PipelineC/grpc/setup.py,Member EXTENSION_INCLUDE_DIRECTORIES (variable) of namespace setup is not documented.
357,C:/ProgramData/Jenkins/.jenkins/workspace/PipelineC/grpc/setup.py,Member EXTENSION_LIBRARIES (variable) of namespace setup is not documented.
386,C:/ProgramData/Jenkins/.jenkins/workspace/PipelineC/grpc/setup.py,Member DEFINE_MACROS (variable) of namespace setup is not documented.
387,C:/ProgramData/Jenkins/.jenkins/workspace/PipelineC/grpc/setup.py,Member asm_files (variable) of namespace setup is not documented.
407,C:/ProgramData/Jenkins/.jenkins/workspace/PipelineC/grpc/setup.py,Member asm_key (variable) of namespace setup is not documented.
409,C:/ProgramData/Jenkins/.jenkins/workspace/PipelineC/grpc/setup.py,Member boringssl_asm_platform (variable) of namespace setup is not documented.
470,C:/ProgramData/Jenkins/.jenkins/workspace/PipelineC/grpc/setup.py,Member LDFLAGS (variable) of namespace setup is not documented.
471,C:/ProgramData/Jenkins/.jenkins/workspace/PipelineC/grpc/setup.py,Member CFLAGS (variable) of namespace setup is not documented.
473,C:/ProgramData/Jenkins/.jenkins/workspace/PipelineC/grpc/setup.py,Member pymodinit_type (variable) of namespace setup is not documented.
474,C:/ProgramData/Jenkins/.jenkins/workspace/PipelineC/grpc/setup.py,Member pymodinit (variable) of namespace setup is not documented.
537,C:/ProgramData/Jenkins/.jenkins/workspace/PipelineC/grpc/setup.py,Member CYTHON_EXTENSION_MODULES (variable) of namespace setup is not documented.
537,C:/ProgramData/Jenkins/.jenkins/workspace/PipelineC/grpc/setup.py,Member need_cython (variable) of namespace setup is not documented.
539,C:/ProgramData/Jenkins/.jenkins/workspace/PipelineC/grpc/setup.py,Member PACKAGE_DIRECTORIES (variable) of namespace setup is not documented.
543,C:/ProgramData/Jenkins/.jenkins/workspace/PipelineC/grpc/setup.py,Member INSTALL_REQUIRES (variable) of namespace setup is not documented.
545,C:/ProgramData/Jenkins/.jenkins/workspace/PipelineC/grpc/setup.py,Member EXTRAS_REQUIRES (variable) of namespace setup is not documented.
549,C:/ProgramData/Jenkins/.jenkins/workspace/PipelineC/grpc/setup.py,Member SETUP_REQUIRES (variable) of namespace setup is not documented.
568,C:/ProgramData/Jenkins/.jenkins/workspace/PipelineC/grpc/setup.py,Member COMMAND_CLASS (variable) of namespace setup is not documented.
578,C:/ProgramData/Jenkins/.jenkins/workspace/PipelineC/grpc/setup.py,Member credentials_dir (variable) of namespace setup is not documented.
587,C:/ProgramData/Jenkins/.jenkins/workspace/PipelineC/grpc/setup.py,Member PACKAGE_DATA (variable) of namespace setup is not documented.
596,C:/ProgramData/Jenkins/.jenkins/workspace/PipelineC/grpc/setup.py,Member PACKAGES (variable) of namespace setup is not documented.
599,C:/ProgramData/Jenkins/.jenkins/workspace/PipelineC/grpc/setup.py,Member name (variable) of namespace setup is not documented.
600,C:/ProgramData/Jenkins/.jenkins/workspace/PipelineC/grpc/setup.py,Member version (variable) of namespace setup is not documented.
601,C:/ProgramData/Jenkins/.jenkins/workspace/PipelineC/grpc/setup.py,Member description (variable) of namespace setup is not documented.
602,C:/ProgramData/Jenkins/.jenkins/workspace/PipelineC/grpc/setup.py,Member author (variable) of namespace setup is not documented.
603,C:/ProgramData/Jenkins/.jenkins/workspace/PipelineC/grpc/setup.py,Member author_email (variable) of namespace setup is not documented.
604,C:/ProgramData/Jenkins/.jenkins/workspace/PipelineC/grpc/setup.py,Member url (variable) of namespace setup is not documented.
605,C:/ProgramData/Jenkins/.jenkins/workspace/PipelineC/grpc/setup.py,Member project_urls (variable) of namespace setup is not documented.
610,C:/ProgramData/Jenkins/.jenkins/workspace/PipelineC/grpc/setup.py,Member license (variable) of namespace setup is not documented.
611,C:/ProgramData/Jenkins/.jenkins/workspace/PipelineC/grpc/setup.py,Member classifiers (variable) of namespace setup is not documented.
612,C:/ProgramData/Jenkins/.jenkins/workspace/PipelineC/grpc/setup.py,Member long_description_content_type (variable) of namespace setup is not documented.
613,C:/ProgramData/Jenkins/.jenkins/workspace/PipelineC/grpc/setup.py,Member long_description (variable) of namespace setup is not documented.
614,C:/ProgramData/Jenkins/.jenkins/workspace/PipelineC/grpc/setup.py,Member ext_modules (variable) of namespace setup is not documented.
615,C:/ProgramData/Jenkins/.jenkins/workspace/PipelineC/grpc/setup.py,Member packages (variable) of namespace setup is not documented.
616,C:/ProgramData/Jenkins/.jenkins/workspace/PipelineC/grpc/setup.py,Member package_dir (variable) of namespace setup is not documented.
617,C:/ProgramData/Jenkins/.jenkins/workspace/PipelineC/grpc/setup.py,Member package_data (variable) of namespace setup is not documented.
618,C:/ProgramData/Jenkins/.jenkins/workspace/PipelineC/grpc/setup.py,Member python_requires (variable) of namespace setup is not documented.
619,C:/ProgramData/Jenkins/.jenkins/workspace/PipelineC/grpc/setup.py,Member install_requires (variable) of namespace setup is not documented.
620,C:/ProgramData/Jenkins/.jenkins/workspace/PipelineC/grpc/setup.py,Member extras_require (variable) of namespace setup is not documented.
621,C:/ProgramData/Jenkins/.jenkins/workspace/PipelineC/grpc/setup.py,Member setup_requires (variable) of namespace setup is not documented.
622,C:/ProgramData/Jenkins/.jenkins/workspace/PipelineC/grpc/setup.py,Member cmdclass (variable) of namespace setup is not documented.
